Ticket N°	Fecha y Hora	Nombre Completo	Cédula	Celular	Email	Dirección	Ciudad	Departamento	Producto(s)	Total	Guía	Estado	GCLID
PO-1316	24/9/2026, 9:07:16 p. m.	Luz Stella Gonzalez	24040821	3003191247	luzstellagon2012@gmail.com	Cra 5 N 41 - 98	Tunja	Boyacá	- Colágeno (2 Unidades) x1: $ 127.500	127500	10000532997	shipped_with_guide	Cj0KCQjwlNPVBhCMARIsAPZ5RqiamZw7svjSASHcNJ2U-s-NQTGoykiBTQgMCa-S8IRJdmb73LRv_PUaAuRTEALw_wcB
PO-1313	23/9/2026, 7:01:39 a. m.	DEYANID QUIÑONES	31993908	3126937403	deyani29qcortes@gmail.com	Cra26L2 #123+15	Cali	Valle del Cauca	- Ashwagandha (1 Unidad) x1: $ 69.900	69900	10000532239	shipped_with_guide	CjwKCAjwwrPVBhA1EiwAv_YO-Q-F0SOTlzfr7QJDoYLQT5ypx76kQ7ZfFadWmYXSYfB0pbSqMREJ0RoCLcgQAvD_BwE
PO-1312	22/9/2026, 8:39:18 p. m.	Juan Carlos Camacho	1121416224	3123341651	0	Calle 8 # 20 83 c 18 portales de primavera	Villavicencio	Meta	- Derman (Mascarilla Íntima) (1 Unidad) x1: $ 89.900	89900	10000532213	shipped_with_guide	Cj0KCQjwzsjVBhC3ARIsALnMv4lm9P4scqywzDAhoVJDA6DXTt2gQY0hvqpOU1FFAfeinHjBtFPf0pYaAlIfEALw_wcB
PO-1311	22/9/2026, 11:26:12 a. m.	Myriam Lopez Burgos	0	3103475031	0	Carrera 112a número 22 i 22	Bogotá, D.C.	Bogotá D.C.	BISGLICINATO DE MAGNESIO (2 Unidades) - Total: $ 104.850	0	10000531874	shipped_with_guide	0
PO-1310	22/9/2026, 11:00:21 a. m.	Laureano Gomez	0	+573214242752	0	Calle 13 No. 10 - 60	Soacha	Cundinamarca	MEGAMAC - POTENCIA Y ENERGIA (1 Unidad) - Total: $ 89.900	0	10000531844	shipped_with_guide	0
PO-1309	22/9/2026, 10:33:10 a. m.	Mario Florez	1037596970	3052606790	marioflorez13@hotmail.com	Calle55 67b160 torre 5 apartamento 1961	Bello	Antioquia	- Bisglicinato de Magnesio (2 Unidades) x1: $ 104.850	104850	10000531829	shipped_with_guide	Cj0KCQjwzsjVBhC3ARIsALnMv4nKhnuTBosVPxdOPcbEyF3y8YhFSnl-dCzR9FuFksGWvuZrhYGB0ukaAn8kEALw_wcB
PO-1308	21/9/2026, 6:56:38 p. m.	Laura  perales	0	3137142502	0	Cra 6 # 5-29 centro	Zipaquirá	Cundinamarca	RTA FULL (1 Unidad) - Total: $ 79.900	0	10000531691	shipped_with_guide	0
PO-1307	21/9/2026, 6:55:22 p. m.	Beatriz Hernández	0	3215238137	0	CRA 17A # 33A 32	Cali	Valle del Cauca	BISGLICINATO DE MAGNESIO (1 Unidad) - Total: $ 69.900	0	0	pending	0
PO-1306	21/9/2026, 5:04:54 p. m.	Gladys Margoth Leal	0	3192590389	0	carrera 7 b# 99-47 sur	Bogotá, D.C.	Bogotá D.C.	BISGLICINATO DE MAGNESIO (Pague 2 Lleve 3) - Total: $ 139.800	0	10000531559	shipped_with_guide	0
PO-1304	21/9/2026, 10:58:53 a. m.	Luz helena Ramirez Muñoz	40188535	3114498379	vv879632@gmail.com	Carrera 30 B 15 78 asociación de amigos	Acacías	Meta	- Liteplex (1 Unidad) x1: $ 79.900	79900	240061743251	shipped_with_guide	CjwKCAjwq8PVBhAKEiwA2i3SHQ2oQpHVO1pryXK4cwbclulh9muhslnKC4azpXB7T4gc2NtmAaUsUBoCEBYQAvD_BwE
PO-1303	20/9/2026, 12:03:03 a. m.	Huberney Gamboa	1061625056	3106410996	hubergamboa098@gmail.com	Calle novena 640 barrio campo alegre	Ataco	Tolima	- Tónico Capilar (1 Unidad) x1: $ 89.900	89900	240061738408	shipped_with_guide	Cj0KCQjw5bjVBhCiARIsAJzMVnRdoRUzhQ544RejYFeLHzitsXTcWcGr3kImumUX6-WqI7-CIU6W5TUaAhT4EALw_wcB
PO-1302	19/9/2026, 6:15:43 p. m.	Martha claros	40775468	3227278787	marthaclarosc22@gmail.com	Calle 22 4B-80	Florencia	Caquetá	- Tónico Capilar Folivance (1 Unidad) x1: $ 69.900	69900	10000531347	shipped_with_guide	Cj0KCQjw5bjVBhCiARIsAJzMVnTUu_BXGqt5dkRgpqKYRBlI-TZ52OuU_h-J4TzmM6DKU6ZnJ3cupbUaAhr9EALw_wcB
PO-1301	19/9/2026, 10:43:06 a. m.	Andrés Felipe Marin Leiva	1002591294	3128979046	marinfelipe2002@gmail.com	Sector bomberos carrera 5#16-55	La Merced	Caldas	- Megamac (1 Unidad) x1: $ 89.900	89900	240061737779	shipped_with_guide	Cj0KCQjw5bjVBhCiARIsAJzMVnQMumSvI1Rl0e48JQrJr7qPdjSbn48bk_Jecdb695j7F8RWxOiGp8oaArbWEALw_wcB
PO-1300	18/9/2026, 2:01:48 p. m.	Margarita Rosa Oyola Hoyos	0	+573150525061	0	Calle 27 #16A-43	Montería	Córdoba	2x BOOSTER LION (MELENA DE LEON) ($ 59.925)	0	10000530413	shipped_with_guide	0
PO-1299	17/9/2026, 9:02:40 p. m.	Maria libia garcia	0	3105466843	0	Oficina morales cauca	Morales	Cauca	1x BISGLICINATO DE MAGNESIO ($ 69.900)	0	240061540113	shipped_with_guide	0
PO-1298	17/9/2026, 6:19:55 p. m.	Yazmin cuartas	1037616112	3113554686	yazmin1002@gmail.com	CR 28 # 40 E SUR - 18	Envigado	Antioquia	- Liofhim (2 Unidades) x1: $ 113.850	113850	10000530166	shipped_with_guide	CjwKCAjwn67VBhBnEiwAXUIN1SAkzX-OiMbfE_wZgCYFJDjyzAc9FxBIzc23mKc-xouDkKReUg_zpxoCpXgQAvD_BwE
PO-1297	17/9/2026, 3:28:20 p. m.	Julieta botero	0	3187559826	0	Barrio Jesús Maria ocampo M6#17	Armenia	Quindío	2x TYRUS FULL ($ 67.425)	0	10000530024	shipped_with_guide	0
PO-1296	17/9/2026, 3:18:36 p. m.	Ederson José Osorio Zúñiga	1049825125	3145008208	osorioederson242@gmail.com	Barrio bello horizonte calle principal manzana 7 lote 7	Clemencia	Bolívar	- Vinagre de Manzana (1 Unidad) x1: $ 69.900	69900	034058674159	shipped_with_guide	CjwKCAjwn67VBhBnEiwAXUIN1XpvIlLrHNayrYQZepxyAFAm60agPCrjpg49Zb_F3eXwgL3BeYPwxxoCj9oQAvD_BwE
PO-1295	17/9/2026, 11:44:28 a. m.	Orlando Almeyda Arenales	91155411	3215946192	delossantosarenales@gmail.com	Calle 16A # 3A - 09 santa ana	Floridablanca	Santander	- Creatina 100% (1 Unidad) x1: $ 105.000	105000	10000530031	shipped_with_guide	CjwKCAjwn67VBhBnEiwAXUIN1dOaAKZTKOoK2mJxt6FieotSSaNdB4pkpwL1J2x72JHUcwahDsGqRxoCVXgQAvD_BwE
PO-1294	17/9/2026, 11:10:17 a. m.	lilia peña p,	24116196	3015097984	0	calle 152 No 55A 10 Torre 5 Apartamento 402	Bogotá, D.C.	Bogotá D.C.	- Booster Lion (1 Unidad) x3: $ 239.700	239700	10000530033	shipped_with_guide	CjwKCAjwn67VBhBnEiwAXUIN1XvW21RYezsAGrkIglsx2bg4wjXm1LhvXtWvF_HwW2LV7cW2pmdyrxoCA-UQAvD_BwE
PO-1293	16/9/2026, 5:53:51 p. m.	Lucelly Carvajal	29613126	3128163435	lucicarvajal59@gmail.com	Calle13#8-27	La Unión	Valle del Cauca	- Bisglicinato de Magnesio (Pague 3 Lleve 5) x1: $ 209.700	209700	034058660288	shipped_with_guide	CjwKCAjw_KjVBhAHEiwAnC0N9MVqE6YB3NwCUh1BIUWNiotC0ni8U0pt4Qk8HnXkQWVx5cgAHs2FZRoCFaoQAvD_BwE
PO-1292	16/9/2026, 2:01:16 p. m.	Alcira Díaz Macea	64559539	3023831682	alciradiazm1967@gmail.com	Calle 25 #28b - 242 barrio el socorro	Sincelejo	Sucre	- Coliplus (1 Unidad) x1: $ 75.900	75900	10000529567	shipped_with_guide	CjwKCAjw_KjVBhAHEiwAnC0N9EFopJDCMr_wEG_6TL699WQwqam2vXUhdpSP9XrACP7K229Ui-gmMRoC3DwQAvD_BwE
PO-1291	16/9/2026, 9:14:11 a. m.	sorley rojas suarez	0	3138911101	sorley.rojas07@gmail.com	Carrera 103 #74 53 sur	Bogotá, D.C.	Bogotá D.C.	- Vinagre de Manzana (1 Unidad) x1: $ 69.900	69900	10000529449	shipped_with_guide	CjwKCAjw_KjVBhAHEiwAnC0N9OMID7TEE1p0vFxsBeUbCv9KYn2eA8ew9049pY5G2g2WtpCm4dwIRxoC21kQAvD_BwE
PO-1290	15/9/2026, 7:40:42 p. m.	Sandra Milena  Arias Giron	0	3006521920	0	Calle 31 # 102c - 182	Medellín	Antioquia	1x RESVISFACTOR CALOSTRO BOVINO ($ 34.900)	0	10000529266	shipped_with_guide	0
PO-1288	14/9/2026, 10:12:54 p. m.	Laura Liliana Navia Pajajoy	1062329886	3235815309	0	Calle 9 a 9 28	Balboa	Cauca	- Resveratrol (1 Unidad) x1: $ 79.900	79900	240061310684	shipped_with_guide	CjwKCAjwtp7VBhBjEiwAJfpV-_MVcd_gYaKAF5pEOP42thUUuyMdvaPqoF1jQzt8vcJQ3wRGWP96MBoC-HwQAvD_BwE
PO-1287	14/9/2026, 7:56:14 p. m.	Nubia Vanegas	0	+573014371955	0	Calle25#56A18	Rionegro	Antioquia	1x MEGAMAC - POTENCIA Y ENERGIA ($ 85.000)	0	034058626921	shipped_with_guide	0
PO-1286	14/9/2026, 7:49:04 p. m.	Rosendo Lopez	0	+573105694057	0	CALLE 17 #13-03	Mocoa	Putumayo	1x RTA FULL ($ 58.425), 1x COLI ($ 58.425)	0	240061294278	shipped_with_guide	0
PO-1285	14/9/2026, 6:59:32 p. m.	Tatiana  sarmiento	0	3012510318	tatianasarmie@gmail.com	Calle 8a #1843	Uribia	La Guajira	- Bisglicinato de Magnesio (1 Unidad) x1: $ 69.900	69900	240061294110	shipped_with_guide	CjwKCAjwtp7VBhBjEiwAJfpV-8c1sxeTW2aTBSIASHevtBvL1lQ-FcRM1Tl-wsibSWEBV4V5YmHk0BoC8HEQAvD_BwE
PO-1284	14/9/2026, 11:58:37 a. m.	Alberto Bautista	80407408	3112663731	alberbaut65@gmail.com	Calle 18 #69F-96	Bogotá, D.C.	Bogotá D.C.	- Booster Lion (1 Unidad) x1: $ 79.900	79900	10000528730	shipped_with_guide	CjwKCAjwtp7VBhBjEiwAJfpV--NbwGm1AYXgjc8oyuAxRkZIsOU86VGoNYP2d0V6gEOPQnI1mKrwYBoCm70QAvD_BwE
PO-1283	13/9/2026, 6:36:33 p. m.	Juan Cabra	17139537	3124497758	blanjuan4@gmail.com	Cl. 114 #0 45	Bogotá, D.C.	Bogotá D.C.	- Citrato de Potasio y Magnesio (1 Unidad) x1: $ 69.900	69900	10000528288	shipped_with_guide	Cj0KCQjwk5nVBhDiARIsAHNGqacnOQ4mCX9FjyuITc75nDLmkpmqG2xHEfzZOSvue2XUg7kqH8VqJLMaArjLEALw_wcB
PO-1282	13/9/2026, 10:22:11 a. m.	Margarita Camacho	0	+573003717926	0	carrera 34 # 69e - 33	Barranquilla	Atlántico	1x BISGLICINATO DE MAGNESIO ($ 24.000)	0	10000528010	shipped_with_guide	0
PO-1281	13/9/2026, 10:13:12 a. m.	Ingrid Perez	0	+573146127358	0	Oficina/AV JUVENTUD 48 - 33	El Bagre	Antioquia	1x COLAGENO CON CITRATO DE MAGNESIO... ($ 85.000)	0	240061166154	shipped_with_guide	0
PO-1280	12/9/2026, 4:09:00 p. m.	Jorge Luis Morneo	1065579672	3503877829	jorgeluismopu@gmail.com	Conjunto torres del Norte	Valledupar	Cesar	- Titan Coffee (1 Unidad) x1: $ 69.900	69900	10000528008	shipped_with_guide	Cj0KCQjw8JPVBhD-ARIsAO691sHM7mdLseg8ziGIBoEj5X2IvtZJQ03mZhJX0cOLbYr0mBmql9KsMZAaApbuEALw_wcB
PO-1279	11/9/2026, 8:24:38 p. m.	Marlen Rodriguez	38.944.252	3117995144	arlenm08@gmail.com	Carrera 4 #54-37	Cali	Valle del Cauca	- Combo Vitalidad & Limpieza (COMBO N°8) x1: $ 127.350	127350	10000527661	shipped_with_guide	Cj0KCQjwzY7VBhDwARIsAFtPvBR8HNm2jKmD-O1dndK1UazRg6HIrlsfvcn4ZlRqnSEw1ZkSSV2fo_QaArD9EALw_wcB
PO-1278	10/9/2026, 10:55:53 p. m.	Amparo  Hernandez	0	+573124391447	0	Carrera 11 # 8 - 93	Floridablanca	Santander	1x RTA FULL ($ 79.900)	0	10000527264	shipped_with_guide	0
PO-1277	10/9/2026, 10:35:22 p. m.	Luz Stella  Osorio	0	3126029859	0	Barrio Chagualito     carrera 2 entre calle 9 y 10 #9 76 barrio chagualito municipio de sonsón antioquia	Sonsón	Antioquia	1x COLAGENO + CAFE (CAPUCHINO) ($ 49.900), 1x TITAN COFFE ($ 50.900)	0	240061036000	shipped_with_guide	0
PO-1274	1/9/2026, 6:40:00 p. m.	Jose Marino  Naranjo	0	3194925137	0	calle 38F #28 -103	Medellín	Antioquia	1x COLI ($ 72.900)	0	10000522734	shipped_with_guide	0
PO-1273	31/8/2026, 9:27:55 p. m.	Laura Alzate	0	3233741608	0	Calle 56hg #19-34enciso el ponton.afrente laboratorio distal	Medellín	Antioquia	2x LIOFHIM ($ 51.925)	0	10000522260	shipped_with_guide	0
PO-1253	31/7/2026, 3:14:17 p. m.	Farides salas vargas	45424287	3157438446	faridessalasvargas@gmail.com	Barrio los bigth	San Andrés	San Andrés y Providencia	- Bisglicinato de Magnesio (1 Unidad) x2: $ 159.800	159800	034058471272	shipped_with_guide	CjwKCAjwj7HTBhBiEiwA8s35Oi_Z6qzZWpjw5UdKFNtMXazJJ6H5oFYtBZ34U8R0doalwHgEo46gmhoCnscQAvD_BwE