id,title,description,availability,condition,price,link,image_link,additional_image_link,brand,google_product_category,fb_product_category,custom_label_0,custom_label_1,custom_label_2
"rtafull","Comprar Rtafull Original: Desintoxicación y Digestión","Adquiere Rtafull Original con Alcachofa y Berenjena. Digestión ligera y desintoxicación con Registro INVIMA. ¡Paga seguro en casa con Envío Gratis!","in stock","new","79900 COP","https://azenza.com.co/producto/rtafull","https://azenza.com.co/assets/products/rtafull.webp","https://azenza.com.co/assets/products/rtafull-apoyo-1.webp,https://azenza.com.co/assets/products/rtafull-apoyo-2.webp,https://azenza.com.co/assets/products/rtafull-apoyo-3.webp,https://azenza.com.co/assets/products/rtafull-apoyo-4.webp","Azenza","Health & Beauty > Health Care > Fitness & Nutrition","Health & Beauty > Health Care > Fitness & Nutrition","salud-bienestar","Envio Gratis","Pago Contra Entrega"
"coliplus","Comprar Coliplus Original: Limpieza de Colon y Vientre","Compra Coliplus Original con Registro INVIMA. Depura tu colon y desinflama el vientre naturalmente. ¡Envío 100% Gratis y Pago Contra Entrega en Colombia!","in stock","new","75900 COP","https://azenza.com.co/producto/coliplus","https://azenza.com.co/assets/products/coliplus.webp","https://azenza.com.co/assets/products/coliplus-apoyo-1.webp,https://azenza.com.co/assets/products/coliplus-apoyo-2.webp,https://azenza.com.co/assets/products/coliplus-apoyo-3.webp,https://azenza.com.co/assets/products/coliplus-apoyo-4.webp","Azenza","Health & Beauty > Health Care > Fitness & Nutrition","Health & Beauty > Health Care > Fitness & Nutrition","salud-bienestar","Envio Gratis","Pago Contra Entrega"
"colageno","Colágeno Hidrolizado + Magnesio: Regeneración Articular","Regenera articulaciones y devuelve la firmeza a tu piel con Colágeno Hidrolizado + Magnesio. Calidad INVIMA certificada. ¡Pídelo con Envío Gratis hoy!","in stock","new","85000 COP","https://azenza.com.co/producto/colageno","https://azenza.com.co/assets/products/Colagenocitratodemagnesio.webp","https://azenza.com.co/assets/products/colageno-apoyo-1.webp,https://azenza.com.co/assets/products/colageno-apoyo-2.webp,https://azenza.com.co/assets/products/colageno-apoyo-3.webp,https://azenza.com.co/assets/products/colageno-apoyo-4.webp","Azenza","Health & Beauty > Health Care > Fitness & Nutrition","Health & Beauty > Health Care > Fitness & Nutrition","salud-bienestar","Envio Gratis","Pago Contra Entrega"
"resvis","Resvisfactor Original con Calostro Bovino: Defensas","Refuerza tu sistema inmune con Resvisfactor y Calostro Bovino. Escudo natural de defensas con Registro INVIMA. ¡Paga al recibir con Envío Gratis hoy!","in stock","new","89900 COP","https://azenza.com.co/producto/resvis","https://azenza.com.co/assets/products/Resvisfactor.webp","https://azenza.com.co/assets/products/resvis-apoyo-1.webp,https://azenza.com.co/assets/products/resvis-apoyo-2.webp,https://azenza.com.co/assets/products/resvis-apoyo-3.webp,https://azenza.com.co/assets/products/resvis-apoyo-4.webp","Azenza","Health & Beauty > Health Care > Fitness & Nutrition","Health & Beauty > Health Care > Fitness & Nutrition","salud-bienestar","Envio Gratis","Pago Contra Entrega"
"booster-lion","Comprar Booster Lion Melena de León: Enfoque y Memoria","Potencia tu enfoque y memoria con Booster Lion y hongo Melena de León. Fórmula certificada con Registro INVIMA. ¡Compra hoy con Pago Contra Entrega!","in stock","new","79900 COP","https://azenza.com.co/producto/booster-lion","https://azenza.com.co/assets/products/booster-lion.webp","https://azenza.com.co/assets/products/booster-lion-apoyo-1.webp,https://azenza.com.co/assets/products/booster-lion-apoyo-2.webp,https://azenza.com.co/assets/products/booster-lion-apoyo-3.webp,https://azenza.com.co/assets/products/booster-lion-apoyo-4.webp","Azenza","Health & Beauty > Health Care > Fitness & Nutrition","Health & Beauty > Health Care > Fitness & Nutrition","salud-bienestar","Envio Gratis","Pago Contra Entrega"
"locion","Loción Termoactiva Original: Alivio Muscular y Articular","Loción Termoactiva con Árnica y Uña de Gato por solo $69.900 COP. Alivio muscular rápido con Registro INVIMA. ¡Pídela con Envío Gratis y Pago en Casa!","in stock","new","69900 COP","https://azenza.com.co/producto/locion","https://azenza.com.co/assets/products/Termoactiva.webp","https://azenza.com.co/assets/products/locion-apoyo-1.webp,https://azenza.com.co/assets/products/locion-apoyo-2.webp,https://azenza.com.co/assets/products/locion-apoyo-3.webp,https://azenza.com.co/assets/products/locion-apoyo-4.webp","Azenza","Health & Beauty > Health Care > Fitness & Nutrition","Health & Beauty > Health Care > Fitness & Nutrition","salud-bienestar","Envio Gratis","Pago Contra Entrega"
"c-lagen","C-Lagen Colágeno Marino Original: Salud de Rodillas","Cuida tus rodillas y articulaciones con C-Lagen Colágeno Marino. Máxima pureza y absorción con Registro INVIMA. ¡Paga en casa con Envío Gratis nacional!","in stock","new","93500 COP","https://azenza.com.co/producto/c-lagen","https://azenza.com.co/assets/products/C-lagen.webp","https://azenza.com.co/assets/products/c-lagen-apoyo-1.webp,https://azenza.com.co/assets/products/c-lagen-apoyo-2.webp,https://azenza.com.co/assets/products/c-lagen-apoyo-3.webp,https://azenza.com.co/assets/products/c-lagen-apoyo-4.webp","Azenza","Health & Beauty > Health Care > Fitness & Nutrition","Health & Beauty > Health Care > Fitness & Nutrition","salud-bienestar","Envio Gratis","Pago Contra Entrega"
"citramix","Citramix Citrato de Magnesio: Relax Muscular y Calma","Combate el estrés y relaja tus músculos con Citramix Citrato de Magnesio sabor durazno. Registro INVIMA garantizado. ¡Envío Gratis y Pago Contra Entrega!","in stock","new","79900 COP","https://azenza.com.co/producto/citramix","https://azenza.com.co/assets/products/Citramix.webp","https://azenza.com.co/assets/products/citramix-apoyo-1.webp,https://azenza.com.co/assets/products/citramix-apoyo-2.webp,https://azenza.com.co/assets/products/citramix-apoyo-3.webp,https://azenza.com.co/assets/products/citramix-apoyo-4.webp","Azenza","Health & Beauty > Health Care > Fitness & Nutrition","Health & Beauty > Health Care > Fitness & Nutrition","salud-bienestar","Envio Gratis","Pago Contra Entrega"
"coffee-colageno","Coffee + Colágeno con Coco: Belleza, Piel Firme y Vigor","Disfruta un café funcional con Colágeno y Crema de Coco para piel radiante y energía diaria. Registro INVIMA. ¡Pídelo online con Pago Contra Entrega!","in stock","new","75900 COP","https://azenza.com.co/producto/coffee-colageno","https://azenza.com.co/assets/products/coffe-colageno.webp","https://azenza.com.co/assets/products/cafe-colageno-apoyo-1.webp,https://azenza.com.co/assets/products/cafe-colageno-apoyo-2.webp,https://azenza.com.co/assets/products/cafe-colageno-apoyo-3.webp,https://azenza.com.co/assets/products/cafe-colageno-apoyo-4.webp","Azenza","Health & Beauty > Health Care > Fitness & Nutrition","Health & Beauty > Health Care > Fitness & Nutrition","salud-bienestar","Envio Gratis","Pago Contra Entrega"
"creatina","Creatina 100% Pura Monohidratada: Fuerza y Músculo","Aumenta tu masa muscular, fuerza y resistencia con Creatina 100% Monohidratada pura. Máximo rendimiento con Registro INVIMA y Envío Gratis a Colombia.","in stock","new","105000 COP","https://azenza.com.co/producto/creatina","https://azenza.com.co/assets/products/creatina100.webp","https://azenza.com.co/assets/products/creatina-apoyo-1.webp,https://azenza.com.co/assets/products/creatina-apoyo-2.webp,https://azenza.com.co/assets/products/creatina-apoyo-3.webp,https://azenza.com.co/assets/products/creatina-apoyo-4.webp","Azenza","Health & Beauty > Health Care > Fitness & Nutrition","Health & Beauty > Health Care > Fitness & Nutrition","salud-bienestar","Envio Gratis","Pago Contra Entrega"
"iprossmen","Iprossmen Original: Salud Prostática y Bienestar del Hombre","Protege tu próstata y mejora el flujo urinario con Iprossmen fórmula botánica. Bienestar masculino con Registro INVIMA. ¡Paga al recibir en casa!","in stock","new","79900 COP","https://azenza.com.co/producto/iprossmen","https://azenza.com.co/assets/products/Iprossmen.webp","https://azenza.com.co/assets/products/iprossmen-apoyo-1.webp,https://azenza.com.co/assets/products/iprossmen-apoyo-2.webp,https://azenza.com.co/assets/products/iprossmen-apoyo-3.webp,https://azenza.com.co/assets/products/iprossmen-apoyo-4.webp","Azenza","Health & Beauty > Personal Care","Health & Beauty > Personal Care","salud-bienestar","Envio Gratis","Pago Contra Entrega"
"kds-10","KDS 10 Multivitamínico Familiar: Máxima Energía y Defensas","Nutrición completa y energía para toda la familia con KDS 10 Multivitamínico. Refuerza defensas con Registro INVIMA. ¡Envío 100% Gratis a Colombia!","in stock","new","79900 COP","https://azenza.com.co/producto/kds-10","https://azenza.com.co/assets/products/Kds10.webp","https://azenza.com.co/assets/products/kds-10-apoyo-1.webp,https://azenza.com.co/assets/products/kds-10-apoyo-2.webp,https://azenza.com.co/assets/products/kds-10-apoyo-3.webp,https://azenza.com.co/assets/products/kds-10-apoyo-4.webp","Azenza","Health & Beauty > Health Care > Fitness & Nutrition","Health & Beauty > Health Care > Fitness & Nutrition","salud-bienestar","Envio Gratis","Pago Contra Entrega"
"liofhim","Liofhim Descanso Profundo: Sueño Reparador y Cero Estrés","Duerme plácidamente y despierta renovado con Liofhim fórmula natural para el descanso. Sin adicción, con Registro INVIMA. ¡Paga al recibir en casa!","in stock","new","75900 COP","https://azenza.com.co/producto/liofhim","https://azenza.com.co/assets/products/Liofhim.webp","https://azenza.com.co/assets/products/liofhim-apoyo-1.webp,https://azenza.com.co/assets/products/liofhim-apoyo-2.webp,https://azenza.com.co/assets/products/liofhim-apoyo-3.webp,https://azenza.com.co/assets/products/liofhim-apoyo-4.webp","Azenza","Health & Beauty > Health Care > Fitness & Nutrition","Health & Beauty > Health Care > Fitness & Nutrition","salud-bienestar","Envio Gratis","Pago Contra Entrega"
"liteplex","Liteplex Digestivo Original: Alivio de Pesadez y Gases","Despídete del ardor y la pesadez estomacal con Liteplex concentrado botánico digestivo. Registro INVIMA oficial. ¡Pídelo hoy con Pago Contra Entrega!","in stock","new","79900 COP","https://azenza.com.co/producto/liteplex","https://azenza.com.co/assets/products/Liteplex.webp","https://azenza.com.co/assets/products/liteplex-apoyo-2.webp,https://azenza.com.co/assets/products/liteplex-apoyo-3.webp,https://azenza.com.co/assets/products/liteplex-apoyo-4.webp,https://azenza.com.co/assets/products/liteplex-apoyo-1.webp","Azenza","Health & Beauty > Health Care > Fitness & Nutrition","Health & Beauty > Health Care > Fitness & Nutrition","salud-bienestar","Envio Gratis","Pago Contra Entrega"
"maxlite-colageno","Maxlite Colágeno + Quinua: Nutrición y Salud Articular","Fortalece huesos, articulaciones y masa muscular con Maxlite Colágeno y Quinua. Calidad certificada INVIMA. ¡Compra online con Envío Gratis nacional!","in stock","new","89900 COP","https://azenza.com.co/producto/maxlite-colageno","https://azenza.com.co/assets/products/Maxlite.webp","https://azenza.com.co/assets/products/maxlite-apoyo-1.webp,https://azenza.com.co/assets/products/maxlite-apoyo-2.webp,https://azenza.com.co/assets/products/maxlite-apoyo-3.webp,https://azenza.com.co/assets/products/maxlite-apoyo-4.webp","Azenza","Health & Beauty > Health Care > Fitness & Nutrition","Health & Beauty > Health Care > Fitness & Nutrition","salud-bienestar","Envio Gratis","Pago Contra Entrega"
"megamac","Megamac Borojó y Maca: Energía Extrema y Vigor Natural","Recupera tu vigor, potencia física y energía vital con Megamac extracto de Maca y Borojó. Registro INVIMA. ¡Envío 100% Gratis y Pago Contra Entrega!","in stock","new","89900 COP","https://azenza.com.co/producto/megamac","https://azenza.com.co/assets/products/Megamac.webp","https://azenza.com.co/assets/products/megamac-apoyo-1.webp,https://azenza.com.co/assets/products/megamac-apoyo-2.webp,https://azenza.com.co/assets/products/megamac-apoyo-3.webp,https://azenza.com.co/assets/products/megamac-apoyo-4.webp","Azenza","Health & Beauty > Health Care > Fitness & Nutrition","Health & Beauty > Health Care > Fitness & Nutrition","salud-bienestar","Envio Gratis","Pago Contra Entrega"
"resveratrol","Resveratrol + 10.000mg Colágeno: Rejuvenecimiento Total","Fórmula antioxidante premium con Resveratrol y 10.000mg de Colágeno para piel joven y vitalidad celular. Registro INVIMA. ¡Paga en casa con Envío Gratis!","in stock","new","79900 COP","https://azenza.com.co/producto/resveratrol","https://azenza.com.co/assets/products/Resveratrol.webp","https://azenza.com.co/assets/products/resveratrol-apoyo-1.webp,https://azenza.com.co/assets/products/resveratrol-apoyo-2.webp,https://azenza.com.co/assets/products/resveratrol-apoyo-3.webp,https://azenza.com.co/assets/products/resveratrol-apoyo-4.webp,https://azenza.com.co/assets/products/resveratrol-nad-apoyo-1.webp,https://azenza.com.co/assets/products/resveratrol-nad-apoyo-2.webp,https://azenza.com.co/assets/products/resveratrol-nad-apoyo-3.webp,https://azenza.com.co/assets/products/resveratrol-nad-apoyo-4.webp","Azenza","Health & Beauty > Health Care > Fitness & Nutrition","Health & Beauty > Health Care > Fitness & Nutrition","salud-bienestar","Envio Gratis","Pago Contra Entrega"
"tyruss-full","Tyruss Full Clorofila + Espirulina: Detox y Digestión","Limpia tu organismo y alcaliniza tu cuerpo con Tyruss Full Clorofila, Espirulina y Manzanilla. Registro INVIMA. ¡Pídelo con Pago Contra Entrega en casa!","in stock","new","89900 COP","https://azenza.com.co/producto/tyruss-full","https://azenza.com.co/assets/products/Tyrussfull.webp","https://azenza.com.co/assets/products/tyrussfull-apoyo-2.webp,https://azenza.com.co/assets/products/tyrussfull-apoyo-3.webp,https://azenza.com.co/assets/products/tyrussfull-apoyo-4.webp,https://azenza.com.co/assets/products/tyrussfull-apoyo-1.webp","Azenza","Health & Beauty > Health Care > Fitness & Nutrition","Health & Beauty > Health Care > Fitness & Nutrition","salud-bienestar","Envio Gratis","Pago Contra Entrega"
"guanda-mix","Guanda Mix Infusión: Digestión Ligera y Flor de Jamaica","Infusión herbal Guanda Mix con Flor de Jamaica y alcachofa para desinflamar y drenar líquidos. Registro INVIMA. ¡Envío Gratis y Pago Contra Entrega!","in stock","new","79900 COP","https://azenza.com.co/producto/guanda-mix","https://azenza.com.co/assets/products/guanda-mix.webp","https://azenza.com.co/assets/products/guanda-mix-apoyo-1.webp,https://azenza.com.co/assets/products/guanda-mix-apoyo-2.webp,https://azenza.com.co/assets/products/guanda-mix-apoyo-3.webp","Azenza","Health & Beauty > Health Care > Fitness & Nutrition","Health & Beauty > Health Care > Fitness & Nutrition","salud-bienestar","Envio Gratis","Pago Contra Entrega"
"nad-1","+NAD + Resveratrol Original: Longevidad y Energía Pura","Activa la juventud celular y máxima vitalidad con +NAD y Resveratrol concentrado. Alta biodisponibilidad y Registro INVIMA. ¡Compra con Envío Gratis!","in stock","new","79900 COP","https://azenza.com.co/producto/nad-1","https://azenza.com.co/assets/products/nad-1.webp","https://azenza.com.co/assets/products/nad-1-apoyo-2.webp,https://azenza.com.co/assets/products/nad-1-apoyo-3.webp,https://azenza.com.co/assets/products/nad-1-apoyo-4.webp,https://azenza.com.co/assets/products/nad-1-apoyo-1.webp","Azenza","Health & Beauty > Health Care > Fitness & Nutrition","Health & Beauty > Health Care > Fitness & Nutrition","salud-bienestar","Envio Gratis","Pago Contra Entrega"
"hemocream","Hemocream Cuidado Botánico: Alivio Rápido y Confort","Alivio reconfortante inmediato para zonas sensibles y ardor con Hemocream crema botánica. Suave con la piel y Registro INVIMA. ¡Paga seguro al recibir!","in stock","new","59900 COP","https://azenza.com.co/producto/hemocream","https://azenza.com.co/assets/products/Hemocream.webp","https://azenza.com.co/assets/products/hemocream-apoyo-1.webp,https://azenza.com.co/assets/products/hemocream-apoyo-2.webp,https://azenza.com.co/assets/products/hemocream-apoyo-3.webp,https://azenza.com.co/assets/products/hemocream-apoyo-4.png","Azenza","Health & Beauty > Health Care","Health & Beauty > Health Care","salud-bienestar","Envio Gratis","Pago Contra Entrega"
"ashwagandha","Ashwagandha Pura Original: Control de Estrés y Sueño","Compra Ashwagandha pura por solo $69.900 COP. Reduce el estrés, baja el cortisol y duerme mejor. Registro INVIMA garantizado y Envío Gratis a Colombia.","in stock","new","69900 COP","https://azenza.com.co/producto/ashwagandha","https://azenza.com.co/assets/products/ashwagandha.webp","https://azenza.com.co/assets/products/ashwagandha-apoyo-1.webp,https://azenza.com.co/assets/products/ashwagandha-apoyo-2.webp,https://azenza.com.co/assets/products/ashwagandha-apoyo-3.webp,https://azenza.com.co/assets/products/ashwagandha-apoyo-4.webp,https://azenza.com.co/assets/products/ashwagandha-apoyo-5.webp","Azenza","Health & Beauty > Health Care > Fitness & Nutrition","Health & Beauty > Health Care > Fitness & Nutrition","salud-bienestar","Envio Gratis","Pago Contra Entrega"
"resveratrol-nad","Resveratrol + NAD Original: Energía y Juventud Celular","Fórmula antiedad con Resveratrol y Vitamina B3 (+NAD) por $69.900 COP. Energía celular y longevidad con Registro INVIMA. ¡Paga en casa con Envío Gratis!","in stock","new","69900 COP","https://azenza.com.co/producto/resveratrol-nad","https://azenza.com.co/assets/products/resveratrol-nad.webp","https://azenza.com.co/assets/products/resveratrol-nad-apoyo-1.webp,https://azenza.com.co/assets/products/resveratrol-nad-apoyo-2.webp,https://azenza.com.co/assets/products/resveratrol-nad-apoyo-3.webp,https://azenza.com.co/assets/products/resveratrol-nad-apoyo-4.webp","Azenza","Health & Beauty > Health Care > Fitness & Nutrition","Health & Beauty > Health Care > Fitness & Nutrition","salud-bienestar","Envio Gratis","Pago Contra Entrega"
"vinagre-manzana","Vinagre de Manzana Puro: Metabolismo y Digestión Ligera","Acelera tu metabolismo y mejora la digestión con Vinagre de Manzana puro ($69.900). Suplemento natural con Registro INVIMA. ¡Pídelo Contra Entrega!","in stock","new","69900 COP","https://azenza.com.co/producto/vinagre-manzana","https://azenza.com.co/assets/products/vinagre-manzana.webp","https://azenza.com.co/assets/products/vinagre-manzana-apoyo-1.webp,https://azenza.com.co/assets/products/vinagre-manzana-apoyo-2.webp,https://azenza.com.co/assets/products/vinagre-manzana-apoyo-3.webp,https://azenza.com.co/assets/products/vinagre-manzana-apoyo-4.webp","Azenza","Health & Beauty > Health Care > Fitness & Nutrition","Health & Beauty > Health Care > Fitness & Nutrition","salud-bienestar","Envio Gratis","Pago Contra Entrega"
"citrato-potasio-magnesio","Citrato de Potasio y Magnesio: Cero Calambres y Energía","Elimina calambres y fatiga con Citrato de Potasio y Magnesio ($69.900). Alta biodisponibilidad y Registro INVIMA. ¡Envío Gratis y Pago al Recibir!","in stock","new","69900 COP","https://azenza.com.co/producto/citrato-potasio-magnesio","https://azenza.com.co/assets/products/citrato-potasio-magnesio.webp","https://azenza.com.co/assets/products/citrato-potasio-magnesio-apoyo-1.webp,https://azenza.com.co/assets/products/citrato-potasio-magnesio-apoyo-2.webp,https://azenza.com.co/assets/products/citrato-potasio-magnesio-apoyo-3.webp","Azenza","Health & Beauty > Health Care > Fitness & Nutrition","Health & Beauty > Health Care > Fitness & Nutrition","salud-bienestar","Envio Gratis","Pago Contra Entrega"
"oregano","Aceite de Orégano Concentrado: Defensas y Salud Digestiva","Poderoso antibacteriano natural y escudo inmune con Aceite de Orégano concentrado ($69.900). Registro INVIMA oficial. ¡Paga en casa con Envío Gratis!","in stock","new","69900 COP","https://azenza.com.co/producto/oregano","https://azenza.com.co/assets/products/oregano.webp","https://azenza.com.co/assets/products/oregano-apoyo-1.webp,https://azenza.com.co/assets/products/oregano-apoyo-2.webp,https://azenza.com.co/assets/products/oregano-apoyo-3.webp,https://azenza.com.co/assets/products/oregano-apoyo-4.webp","Azenza","Health & Beauty > Health Care > Fitness & Nutrition","Health & Beauty > Health Care > Fitness & Nutrition","salud-bienestar","Envio Gratis","Pago Contra Entrega"
"bisglicinato-magnesio","Bisglicinato de Magnesio Quelado: Sueño Profundo y Relax","Máxima absorción para relajar músculos y conciliar un sueño profundo con Bisglicinato de Magnesio ($69.900). Registro INVIMA. ¡Paga Contra Entrega!","in stock","new","69900 COP","https://azenza.com.co/producto/bisglicinato-magnesio","https://azenza.com.co/assets/products/bisglicinato-magnesio.webp","https://azenza.com.co/assets/products/bisglicinato-magnesio-apoyo-1.webp,https://azenza.com.co/assets/products/bisglicinato-magnesio-apoyo-2.webp,https://azenza.com.co/assets/products/bisglicinato-magnesio-apoyo-3.webp","Azenza","Health & Beauty > Health Care > Fitness & Nutrition","Health & Beauty > Health Care > Fitness & Nutrition","salud-bienestar","Envio Gratis","Pago Contra Entrega"
"eventone","Eventone Crema Facial Original: Tono Uniforme y Anti-Manchas","Aclara manchas y unifica el tono de tu piel con Eventone crema dermatológica aclaradora. Fórmula suave con Registro INVIMA. ¡Envío Gratis a Colombia!","in stock","new","85000 COP","https://azenza.com.co/producto/eventone","https://azenza.com.co/assets/products/Eventone.webp","https://azenza.com.co/assets/products/eventone-apoyo-1.webp,https://azenza.com.co/assets/products/eventone-apoyo-2.webp,https://azenza.com.co/assets/products/eventone-apoyo-3.webp,https://azenza.com.co/assets/products/eventone-apoyo-4.webp","Azenza","Health & Beauty > Personal Care > Cosmetics","Health & Beauty > Personal Care > Cosmetics","belleza-integral","Envio Gratis","Pago Contra Entrega"
"golden-passion","Golden Passion Autobronceador: Brillo Dorado y Firmeza","Logra un bronceado dorado perfecto y piel satinada sin sol con Golden Passion loción de lujo. Registro INVIMA. ¡Pídela online con Pago Contra Entrega!","in stock","new","79900 COP","https://azenza.com.co/producto/golden-passion","https://azenza.com.co/assets/products/Goldenpassion.webp","https://azenza.com.co/assets/products/golden-passion-apoyo-1.webp,https://azenza.com.co/assets/products/golden-passion-apoyo-2.webp,https://azenza.com.co/assets/products/golden-passion-apoyo-3.webp,https://azenza.com.co/assets/products/golden-passion-apoyo-4.webp","Azenza","Health & Beauty > Personal Care > Cosmetics","Health & Beauty > Personal Care > Cosmetics","belleza-integral","Envio Gratis","Pago Contra Entrega"
"hydrastrik","Hydrastrik Aceite Corporal: Anti-Estrías y Elasticidad","Previene y atenúa estrías mejorando la elasticidad con Hydrastrik aceite regenerador intensivo. Registro INVIMA. ¡Paga seguro al recibir en casa!","in stock","new","82500 COP","https://azenza.com.co/producto/hydrastrik","https://azenza.com.co/assets/products/Hydrastrik.webp","https://azenza.com.co/assets/products/hydrastrik-apoyo-1.webp,https://azenza.com.co/assets/products/hydrastrik-apoyo-2.webp,https://azenza.com.co/assets/products/hydrastrik-apoyo-3.webp,https://azenza.com.co/assets/products/hydrastrik-apoyo-4.webp","Azenza","Health & Beauty > Personal Care > Cosmetics","Health & Beauty > Personal Care > Cosmetics","belleza-integral","Envio Gratis","Pago Contra Entrega"
"miskinne","Miskinne Crema Facial: Tono Parejo y Cuidado Antioxidante","Nutre e ilumina tu rostro mientras emparejas el tono con Miskinne crema nutritiva botánica. Calidad INVIMA certificada. ¡Envío 100% Gratis a Colombia!","in stock","new","59900 COP","https://azenza.com.co/producto/miskinne","https://azenza.com.co/assets/products/Miskinne.webp","https://azenza.com.co/assets/products/miskinne-apoyo-1.webp,https://azenza.com.co/assets/products/miskinne-apoyo-2.webp,https://azenza.com.co/assets/products/miskinne-apoyo-3.webp,https://azenza.com.co/assets/products/miskinne-apoyo-4.webp","Azenza","Health & Beauty > Personal Care > Cosmetics","Health & Beauty > Personal Care > Cosmetics","belleza-integral","Envio Gratis","Pago Contra Entrega"
"tonico-capilar","Tónico Capilar Trichogen 8%: Crecimiento y Cero Caída","Detén la caída y estimula el nacimiento de nuevo cabello con Tónico Capilar Trichogen al 8%. Registro INVIMA oficial. ¡Paga al recibir con Envío Gratis!","in stock","new","89900 COP","https://azenza.com.co/producto/tonico-capilar","https://azenza.com.co/assets/products/tonico.webp","https://azenza.com.co/assets/products/tonico-apoyo-1.webp,https://azenza.com.co/assets/products/tonico-apoyo-2.webp,https://azenza.com.co/assets/products/tonico-apoyo-3.webp,https://azenza.com.co/assets/products/tonico-apoyo-4.webp","Azenza","Health & Beauty > Personal Care > Hair Care","Health & Beauty > Personal Care > Hair Care","belleza-integral","Envio Gratis","Pago Contra Entrega"
"tufoff","Tufoff Spray Bucal: Aliento Fresco al Instante y Natural","Elimina el mal aliento desde la raíz al instante con Tufoff spray bucal refrescante. Práctico y seguro con Registro INVIMA. ¡Pídelo Contra Entrega!","in stock","new","85000 COP","https://azenza.com.co/producto/tufoff","https://azenza.com.co/assets/products/Tuffof.webp","https://azenza.com.co/assets/products/tufoff-apoyo-1.webp,https://azenza.com.co/assets/products/tufoff-apoyo-2.webp,https://azenza.com.co/assets/products/tufoff-apoyo-3.webp,https://azenza.com.co/assets/products/tufoff-apoyo-4.webp","Azenza","Health & Beauty > Personal Care","Health & Beauty > Personal Care","belleza-integral","Envio Gratis","Pago Contra Entrega"
"tonico-capilar-folivance","Tónico Capilar Folivance: Anti-Caída y Máximo Crecimiento","Frena la caída y nutre el folículo con Tónico Capilar Folivance extractos botánicos activos ($69.900). Registro INVIMA. ¡Envío Gratis Contra Entrega!","in stock","new","69900 COP","https://azenza.com.co/producto/tonico-capilar-folivance","https://azenza.com.co/assets/products/folivance.webp","https://azenza.com.co/assets/products/folivance-apoyo-1.webp,https://azenza.com.co/assets/products/folivance-apoyo-2.webp","Azenza","Health & Beauty > Personal Care > Hair Care > Hair Loss Treatments","Health & Beauty > Personal Care > Hair Care > Hair Loss Treatments","belleza-integral","Envio Gratis","Pago Contra Entrega"
"shampoo-intensivo","Shampoo Intensivo Sin Sal: Anti-Caída, Brillo y Fuerza","Limpia suavemente, fortalece la raíz y previene la caída con Shampoo Intensivo Sin Sal ($69.900). Registro INVIMA. ¡Pídelo con Pago Contra Entrega!","in stock","new","69900 COP","https://azenza.com.co/producto/shampoo-intensivo","https://azenza.com.co/assets/products/shampoo-intensivo.webp","https://azenza.com.co/assets/products/shampoo-intensivo-apoyo-1.webp,https://azenza.com.co/assets/products/shampoo-intensivo-apoyo-2.webp,https://azenza.com.co/assets/products/shampoo-intensivo-apoyo-3.webp,https://azenza.com.co/assets/products/shampoo-intensivo-apoyo-4.webp","Azenza","Health & Beauty > Personal Care > Hair Care > Shampoo & Conditioner > Shampoo","Health & Beauty > Personal Care > Hair Care > Shampoo & Conditioner > Shampoo","belleza-integral","Envio Gratis","Pago Contra Entrega"
"aceite-relajante","Aceite Corporal Relajante: Masajes y Cero Tensión","Alivia contracturas y relaja la mente con Aceite Corporal Relajante para masajes ($69.900). Textura sedosa con Registro INVIMA. ¡Envío Gratis nacional!","in stock","new","69900 COP","https://azenza.com.co/producto/aceite-relajante","https://azenza.com.co/assets/products/aceite-relajante.webp","https://azenza.com.co/assets/products/aceite-relajante-apoyo-1.webp,https://azenza.com.co/assets/products/aceite-relajante-apoyo-2.webp,https://azenza.com.co/assets/products/aceite-relajante-apoyo-3.webp","Azenza","Health & Beauty > Personal Care > Massage & Relaxation > Massage Oil","Health & Beauty > Personal Care > Massage & Relaxation > Massage Oil","belleza-integral","Envio Gratis","Pago Contra Entrega"
"gel-frio-relajante","Gel Frío Criogénico: Alivio Inmediato de Piernas Cansadas","Descansa tus piernas pesadas y alivia la tensión con Gel Frío Criogénico efecto hielo. Rápida absorción con Registro INVIMA. ¡Paga al recibir en casa!","in stock","new","59900 COP","https://azenza.com.co/producto/gel-frio-relajante","https://azenza.com.co/assets/products/gel-frio.webp","https://azenza.com.co/assets/products/gel-frio-apoyo-1.webp,https://azenza.com.co/assets/products/gel-frio-apoyo-2.webp,https://azenza.com.co/assets/products/gel-frio-apoyo-3.webp,https://azenza.com.co/assets/products/gel-frio-apoyo-4.webp","Azenza","Health & Beauty > Personal Care > Cosmetics > Skin Care","Health & Beauty > Personal Care > Cosmetics > Skin Care","belleza-integral","Envio Gratis","Pago Contra Entrega"
"akha","Crema Akha Reafirmante: Volumen y Firmeza Natural","Reafirma y mejora el volumen y tonicidad de tu piel con Crema Akha extractos botánicos modeladores. Registro INVIMA. ¡Paga seguro al recibir en casa!","in stock","new","89900 COP","https://azenza.com.co/producto/akha","https://azenza.com.co/assets/products/akha.webp","https://azenza.com.co/assets/products/akha-apoyo-2.webp,https://azenza.com.co/assets/products/akha-apoyo-3.webp,https://azenza.com.co/assets/products/akha-apoyo-4.webp,https://azenza.com.co/assets/products/akha-apoyo-1.webp","Azenza","Health & Beauty > Personal Care > Cosmetics","Health & Beauty > Personal Care > Cosmetics","salud-sexual","Envio Gratis","Pago Contra Entrega"
"derman","Derman Mascarilla Íntima: Cuidado Post-Depilación y Calma","Calma la irritación y previene vellos encarnados con Derman mascarilla íntima calmante. Suavidad con Registro INVIMA. ¡Pídela con Envío Gratis nacional!","in stock","new","89900 COP","https://azenza.com.co/producto/derman","https://azenza.com.co/assets/products/Derman.webp","https://azenza.com.co/assets/products/derman-apoyo-1.webp,https://azenza.com.co/assets/products/derman-apoyo-2.webp,https://azenza.com.co/assets/products/derman-apoyo-3.webp,https://azenza.com.co/assets/products/derman-apoyo-4.webp","Azenza","Health & Beauty > Personal Care > Cosmetics","Health & Beauty > Personal Care > Cosmetics","salud-sexual","Envio Gratis","Pago Contra Entrega"
"haydar","Haydar Bebida Energizante: Vigor, Rendimiento y Maca","Impulsa tu energía, vigor físico y vitalidad con Haydar bebida funcional con Maca y Borojó. Registro INVIMA. ¡Compra online con Pago Contra Entrega!","in stock","new","73500 COP","https://azenza.com.co/producto/haydar","https://azenza.com.co/assets/products/haydar.webp","https://azenza.com.co/assets/products/haydar-apoyo-2.webp,https://azenza.com.co/assets/products/haydar-apoyo-3.webp,https://azenza.com.co/assets/products/haydar-apoyo-4.webp,https://azenza.com.co/assets/products/haydar-apoyo-1.webp","Azenza","Health & Beauty > Health Care > Fitness & Nutrition","Health & Beauty > Health Care > Fitness & Nutrition","salud-sexual","Envio Gratis","Pago Contra Entrega"
"instant-virgin","Instant Virgin Gel Íntimo: Firmeza, Cuidado y Confort","Recupera el confort, elasticidad y tono íntimo con Instant Virgin gel botánico reafirmante. Registro INVIMA certificado. ¡Pídelo con Envío 100% Gratis!","in stock","new","79000 COP","https://azenza.com.co/producto/instant-virgin","https://azenza.com.co/assets/products/Instantvirgin.webp","https://azenza.com.co/assets/products/instant-virgin-apoyo-1.webp,https://azenza.com.co/assets/products/instant-virgin-apoyo-2.webp","Azenza","Health & Beauty > Personal Care > Intimate Care","Health & Beauty > Personal Care > Intimate Care","salud-sexual","Envio Gratis","Pago Contra Entrega"
"mamooth","Mammoth Crema Reafirmante: Volumen y Cuidado Natural","Crema reafirmante y voluminizante Mammoth con extractos botánicos para firmeza y tonicidad. Registro INVIMA. ¡Paga en casa con Pago Contra Entrega!","in stock","new","59900 COP","https://azenza.com.co/producto/mamooth","https://azenza.com.co/assets/products/Mammoth.webp","https://azenza.com.co/assets/products/mammoth-apoyo-2.webp,https://azenza.com.co/assets/products/mammoth-apoyo-3.webp,https://azenza.com.co/assets/products/mammoth-apoyo-4.webp,https://azenza.com.co/assets/products/mammoth-apoyo-1.webp","Azenza","Health & Beauty > Personal Care > Cosmetics","Health & Beauty > Personal Care > Cosmetics","salud-sexual","Envio Gratis","Pago Contra Entrega"
"zafir","Zafir Bebida Energizante: Máximo Vigor con Maca y Borojó","Eleva tu energía y rendimiento físico al instante con Zafir bebida energizante natural. Registro INVIMA oficial. ¡Pídela hoy con Envío Gratis nacional!","in stock","new","73500 COP","https://azenza.com.co/producto/zafir","https://azenza.com.co/assets/products/Zafir.webp","https://azenza.com.co/assets/products/zafir-apoyo-2.webp,https://azenza.com.co/assets/products/zafir-apoyo-3.webp,https://azenza.com.co/assets/products/zafir-apoyo-4.webp,https://azenza.com.co/assets/products/zafir-apoyo-1.webp","Azenza","Health & Beauty > Health Care > Fitness & Nutrition","Health & Beauty > Health Care > Fitness & Nutrition","salud-sexual","Envio Gratis","Pago Contra Entrega"
"titan-coffee","Titan Coffee Original: Café Energizante con Maca y Borojó","Despierta tu vigor y energía física con Titan Coffee ($69.900). Café funcional con Maca, Borojó y Registro INVIMA. ¡Pídelo con Pago Contra Entrega!","in stock","new","69900 COP","https://azenza.com.co/producto/titan-coffee","https://azenza.com.co/assets/products/Titancoffee.webp","https://azenza.com.co/assets/products/titancoffee-apoyo-1.webp,https://azenza.com.co/assets/products/titancoffee-apoyo-2.webp,https://azenza.com.co/assets/products/titancoffee-apoyo-3.webp,https://azenza.com.co/assets/products/titancoffee-apoyo-4.webp","Azenza","Food, Beverages & Tobacco > Beverages > Coffee","Food, Beverages & Tobacco > Beverages > Coffee","salud-sexual","Envio Gratis","Pago Contra Entrega"
"combo-inmunidad-dual","Combo Inmunidad Dual: Resvisfactor + Coliplus en Oferta","Ahorra $35.900 en el Combo Inmunidad Dual (Resvisfactor + Coliplus) por solo $129.900 COP. Desinflama tu vientre y sube defensas. ¡Envío Gratis Contra Entrega!","in stock","new","129900 COP","https://azenza.com.co/combo/combo-inmunidad-dual","https://azenza.com.co/assets/combos/combo-bienestar.webp","https://azenza.com.co/assets/products/Resvisfactor.webp,https://azenza.com.co/assets/products/resvis-apoyo-1.webp,https://azenza.com.co/assets/products/resvis-apoyo-2.webp,https://azenza.com.co/assets/products/resvis-apoyo-3.webp,https://azenza.com.co/assets/products/resvis-apoyo-4.webp,https://azenza.com.co/assets/products/coliplus.webp,https://azenza.com.co/assets/products/coliplus-apoyo-1.webp,https://azenza.com.co/assets/products/coliplus-apoyo-2.webp,https://azenza.com.co/assets/products/coliplus-apoyo-3.webp,https://azenza.com.co/assets/products/coliplus-apoyo-4.webp","Azenza","Health & Beauty > Health Care > Fitness & Nutrition","Health & Beauty > Health Care > Fitness & Nutrition","Combos","Oferta del Mes","Pago Contra Entrega"
"promo-1","Combo Piel Radiante: Hidratación, Firmeza y Colágeno","Luce una piel radiante con nuestro Combo Piel Radiante. Fórmula balanceada para bienestar integral, nutrición celular y calidad certificada. ¡Ahorra hoy!","in stock","new","104850 COP","https://azenza.com.co/combo/promo-1","https://azenza.com.co/assets/combos/promo-1.webp","https://azenza.com.co/assets/combos/promo-1-1.webp,https://azenza.com.co/assets/products/Resveratrol.webp,https://azenza.com.co/assets/products/resveratrol-apoyo-1.webp,https://azenza.com.co/assets/products/resveratrol-apoyo-2.webp,https://azenza.com.co/assets/products/resveratrol-apoyo-3.webp,https://azenza.com.co/assets/products/resveratrol-apoyo-4.webp,https://azenza.com.co/assets/products/resveratrol-nad-apoyo-1.webp,https://azenza.com.co/assets/products/resveratrol-nad-apoyo-2.webp,https://azenza.com.co/assets/products/resveratrol-nad-apoyo-3.webp,https://azenza.com.co/assets/products/resveratrol-nad-apoyo-4.webp,https://azenza.com.co/assets/products/Miskinne.webp,https://azenza.com.co/assets/products/miskinne-apoyo-1.webp,https://azenza.com.co/assets/products/miskinne-apoyo-2.webp,https://azenza.com.co/assets/products/miskinne-apoyo-3.webp,https://azenza.com.co/assets/products/miskinne-apoyo-4.webp","Azenza","Health & Beauty > Health Care > Fitness & Nutrition","Health & Beauty > Health Care > Fitness & Nutrition","Combos","Envio Gratis","Pago Contra Entrega"
"promo-2","Combo Belleza Eterna: Anti-Manchas y Tono Uniforme","Unifica tu tono de piel y protege tus células con el Combo Belleza Eterna. Fórmula balanceada para bienestar integral y calidad certificada. ¡Compra ya!","in stock","new","123675 COP","https://azenza.com.co/combo/promo-2","https://azenza.com.co/assets/combos/promo-2.webp","https://azenza.com.co/assets/combos/promo-2-1.webp,https://azenza.com.co/assets/products/Resveratrol.webp,https://azenza.com.co/assets/products/resveratrol-apoyo-1.webp,https://azenza.com.co/assets/products/resveratrol-apoyo-2.webp,https://azenza.com.co/assets/products/resveratrol-apoyo-3.webp,https://azenza.com.co/assets/products/resveratrol-apoyo-4.webp,https://azenza.com.co/assets/products/resveratrol-nad-apoyo-1.webp,https://azenza.com.co/assets/products/resveratrol-nad-apoyo-2.webp,https://azenza.com.co/assets/products/resveratrol-nad-apoyo-3.webp,https://azenza.com.co/assets/products/resveratrol-nad-apoyo-4.webp,https://azenza.com.co/assets/products/Eventone.webp,https://azenza.com.co/assets/products/eventone-apoyo-1.webp,https://azenza.com.co/assets/products/eventone-apoyo-2.webp,https://azenza.com.co/assets/products/eventone-apoyo-3.webp,https://azenza.com.co/assets/products/eventone-apoyo-4.webp","Azenza","Health & Beauty > Health Care > Fitness & Nutrition","Health & Beauty > Health Care > Fitness & Nutrition","Combos","Envio Gratis","Pago Contra Entrega"
"promo-3","Combo Detox Digestivo: Limpieza de Colon y Vientre Plano","Limpia tu organismo y regula tu digestión con el Combo Detox Digestivo. Fórmula balanceada para bienestar integral y calidad certificada. ¡Siéntete ligero!","in stock","new","116850 COP","https://azenza.com.co/combo/promo-3","https://azenza.com.co/assets/combos/promo-3.webp","https://azenza.com.co/assets/combos/promo-3-1.webp,https://azenza.com.co/assets/products/coliplus.webp,https://azenza.com.co/assets/products/coliplus-apoyo-1.webp,https://azenza.com.co/assets/products/coliplus-apoyo-2.webp,https://azenza.com.co/assets/products/coliplus-apoyo-3.webp,https://azenza.com.co/assets/products/coliplus-apoyo-4.webp,https://azenza.com.co/assets/products/rtafull.webp,https://azenza.com.co/assets/products/rtafull-apoyo-1.webp,https://azenza.com.co/assets/products/rtafull-apoyo-2.webp,https://azenza.com.co/assets/products/rtafull-apoyo-3.webp,https://azenza.com.co/assets/products/rtafull-apoyo-4.webp","Azenza","Health & Beauty > Health Care > Fitness & Nutrition","Health & Beauty > Health Care > Fitness & Nutrition","Combos","Envio Gratis","Pago Contra Entrega"
"promo-4","Combo Control & Detox: Metabolismo y Digestión Ligera","Apoya tu proceso de bienestar metabólico con el Combo Control & Detox. Fórmula balanceada para bienestar integral, energía y calidad certificada. ¡Ahorra hoy!","in stock","new","119850 COP","https://azenza.com.co/combo/promo-4","https://azenza.com.co/assets/combos/promo-4.webp","https://azenza.com.co/assets/combos/promo-4-1.webp,https://azenza.com.co/assets/products/Liteplex.webp,https://azenza.com.co/assets/products/liteplex-apoyo-2.webp,https://azenza.com.co/assets/products/liteplex-apoyo-3.webp,https://azenza.com.co/assets/products/liteplex-apoyo-4.webp,https://azenza.com.co/assets/products/liteplex-apoyo-1.webp,https://azenza.com.co/assets/products/rtafull.webp,https://azenza.com.co/assets/products/rtafull-apoyo-1.webp,https://azenza.com.co/assets/products/rtafull-apoyo-2.webp,https://azenza.com.co/assets/products/rtafull-apoyo-3.webp,https://azenza.com.co/assets/products/rtafull-apoyo-4.webp","Azenza","Health & Beauty > Health Care > Fitness & Nutrition","Health & Beauty > Health Care > Fitness & Nutrition","Combos","Envio Gratis","Pago Contra Entrega"
"promo-5","Combo Protección Total: Depuración y Aliento Fresco","Protección y limpieza profunda para tu organismo con el Combo Protección Total. Fórmula balanceada para bienestar integral y calidad certificada. ¡Compra ahora!","in stock","new","123675 COP","https://azenza.com.co/combo/promo-5","https://azenza.com.co/assets/combos/promo-5.webp","https://azenza.com.co/assets/products/Tuffof.webp,https://azenza.com.co/assets/products/tufoff-apoyo-1.webp,https://azenza.com.co/assets/products/tufoff-apoyo-2.webp,https://azenza.com.co/assets/products/tufoff-apoyo-3.webp,https://azenza.com.co/assets/products/tufoff-apoyo-4.webp,https://azenza.com.co/assets/products/rtafull.webp,https://azenza.com.co/assets/products/rtafull-apoyo-1.webp,https://azenza.com.co/assets/products/rtafull-apoyo-2.webp,https://azenza.com.co/assets/products/rtafull-apoyo-3.webp,https://azenza.com.co/assets/products/rtafull-apoyo-4.webp","Azenza","Health & Beauty > Health Care > Fitness & Nutrition","Health & Beauty > Health Care > Fitness & Nutrition","Combos","Envio Gratis","Pago Contra Entrega"
"promo-6","Combo Alivio Muscular: Calor y Frío para Cero Dolor","Apoya tu movilidad con el Combo Alivio Muscular. Fórmula balanceada para bienestar integral y calidad certificada. ¡Pídelo hoy!","in stock","new","123675 COP","https://azenza.com.co/combo/promo-6","https://azenza.com.co/assets/combos/promo-6.webp","https://azenza.com.co/assets/products/Termoactiva.webp,https://azenza.com.co/assets/products/locion-apoyo-1.webp,https://azenza.com.co/assets/products/locion-apoyo-2.webp,https://azenza.com.co/assets/products/locion-apoyo-3.webp,https://azenza.com.co/assets/products/locion-apoyo-4.webp,https://azenza.com.co/assets/products/Colagenocitratodemagnesio.webp,https://azenza.com.co/assets/products/colageno-apoyo-1.webp,https://azenza.com.co/assets/products/colageno-apoyo-2.webp,https://azenza.com.co/assets/products/colageno-apoyo-3.webp,https://azenza.com.co/assets/products/colageno-apoyo-4.webp","Azenza","Health & Beauty > Health Care > Fitness & Nutrition","Health & Beauty > Health Care > Fitness & Nutrition","Combos","Envio Gratis","Pago Contra Entrega"
"promo-8","Combo Vitalidad & Limpieza: Energía y Digestión Total","Siéntete imparable con el Combo Vitalidad & Limpieza. Fórmula balanceada para depuración natural, bienestar integral y calidad certificada. ¡Pídelo hoy!","in stock","new","127350 COP","https://azenza.com.co/combo/promo-8","https://azenza.com.co/assets/combos/promo-8.webp","https://azenza.com.co/assets/products/Tyrussfull.webp,https://azenza.com.co/assets/products/tyrussfull-apoyo-2.webp,https://azenza.com.co/assets/products/tyrussfull-apoyo-3.webp,https://azenza.com.co/assets/products/tyrussfull-apoyo-4.webp,https://azenza.com.co/assets/products/tyrussfull-apoyo-1.webp,https://azenza.com.co/assets/products/rtafull.webp,https://azenza.com.co/assets/products/rtafull-apoyo-1.webp,https://azenza.com.co/assets/products/rtafull-apoyo-2.webp,https://azenza.com.co/assets/products/rtafull-apoyo-3.webp,https://azenza.com.co/assets/products/rtafull-apoyo-4.webp","Azenza","Health & Beauty > Health Care > Fitness & Nutrition","Health & Beauty > Health Care > Fitness & Nutrition","Combos","Envio Gratis","Pago Contra Entrega"
"promo-9","Combo Inmunidad Dual: Resvisfactor + Coliplus en Oferta","Reconforta tu vientre y fortalece tu sistema inmune con el combo Inmunidad Dual. Fórmula balanceada para bienestar integral y calidad certificada. ¡Ahorra $35.900!","in stock","new","129900 COP","https://azenza.com.co/combo/promo-9","https://azenza.com.co/assets/combos/combo-bienestar.webp","https://azenza.com.co/assets/products/Resvisfactor.webp,https://azenza.com.co/assets/products/resvis-apoyo-1.webp,https://azenza.com.co/assets/products/resvis-apoyo-2.webp,https://azenza.com.co/assets/products/resvis-apoyo-3.webp,https://azenza.com.co/assets/products/resvis-apoyo-4.webp,https://azenza.com.co/assets/products/coliplus.webp,https://azenza.com.co/assets/products/coliplus-apoyo-1.webp,https://azenza.com.co/assets/products/coliplus-apoyo-2.webp,https://azenza.com.co/assets/products/coliplus-apoyo-3.webp,https://azenza.com.co/assets/products/coliplus-apoyo-4.webp","Azenza","Health & Beauty > Health Care > Fitness & Nutrition","Health & Beauty > Health Care > Fitness & Nutrition","Combos","Envio Gratis","Pago Contra Entrega"
